city,label,opening,retention,n_opening,n_retention
Amsterdam,2012,5.339166666666667,5.708859356053031,9986,9986
Amsterdam,2013,5.367500000000001,8.71905274488698,10871,10871
Amsterdam,2014,5.456666666666666,9.677928639090627,11959,11959
Amsterdam,2015,5.431666666666667,5.398288347597102,12201,12201
Amsterdam,2016,5.4399999999999995,7.820710973724876,12113,12113
Amsterdam,2017,5.4783333333333335,10.215698577621602,10942,10942
Amsterdam,2018,5.439166666666667,6.204009134737376,11985,11985
Amsterdam,2019,5.465833333333333,5.253899378444937,13253,13253
Amsterdam,2020,5.6866666666666665,7.224479431183339,665,665
Amsterdam,2021,5.3275,5.0703717069650045,6491,6491
Amsterdam,2022,5.364166666666667,7.357660763104712,12458,12458
Amsterdam,2024,5.474166666666666,5.4941534518660795,16735,16735
Auckland,2016,5.679166666666666,10.110478741211914,1541,1541
Auckland,2017,5.671250000000001,12.370750811802779,1520,1520
Auckland,2018,5.191666666666666,7.046533713200387,915,915
Auckland,2019,5.630416666666667,10.900757196945255,1560,1560
Austin,2017,6.221666666666667,15.992569317208138,2568,2568
Austin,2018,6.045,8.645066273932244,2439,2439
Austin,2019,5.9625,11.518740912936686,2614,2614
Barcelona,2019,5.1,4.8216776250249005,5535,5535
Barcelona,2025,5.338333333333334,4.012567723598892,20716,20716
Barcelona,2026,5.305833333333334,4.011259676284307,23955,23955
Berlin,2005,5.5600000000000005,9.17684700407213,30211,30211
Berlin,2006,5.628333333333333,10.824858916597835,30026,30026
Berlin,2007,5.5175,7.232616124070845,32344,32344
Berlin,2008,5.541666666666667,6.586525615260674,35500,35500
Berlin,2009,5.5875,9.901530991971107,34704,34704
Berlin,2010,5.575833333333334,4.711929330601549,33816,33816
Berlin,2011,5.6033333333333335,7.678618853086072,27208,27208
Berlin,2012,5.545833333333333,5.6442527382406515,34074,34074
Berlin,2013,5.536666666666666,5.090032610236772,36283,36283
Berlin,2014,5.515833333333333,7.36928104575163,28819,28819
Berlin,2015,5.529166666666667,6.430916144434495,36545,36545
Berlin,2016,5.590833333333333,7.843775427176558,35821,35821
Berlin,2017,5.626666666666667,6.833312397939961,38815,38815
Berlin,2018,5.645,9.842309199506637,40362,40362
Berlin,2019,5.594166666666666,6.4385297845373834,43691,43691
Berlin,2021,5.589166666666667,12.718697702723269,22985,22985
Berlin,2022,5.575,7.273141463652955,34666,34666
Berlin,2023,5.572500000000001,7.261947151449921,42182,42182
Berlin,2024,5.5616666666666665,5.116408755053681,53417,53417
Berlin,2025,5.714166666666667,11.499157776530033,47851,47851
Boston,2018,5.091666666666667,10.312899106002549,25121,25121
Boston,2019,4.941666666666666,12.455122894228122,24999,24999
Boston,2022,4.926666666666667,7.55555555555556,24763,24763
Boston,2023,4.908333333333333,5.276134122287979,26429,26429
Boston,2024,4.92,12.798942390570755,25460,25460
Boston,2025,4.8425,7.402355553567597,28340,28340
Boston,2026,4.799166666666666,4.915797817520451,28702,28702
Chicago,2015,5.425,8.490566037735858,22055,22055
Chicago,2017,6.0975,15.957873620862584,44009,44009
Chicago,2018,5.630833333333333,8.48466483642304,51690,51690
Chicago,2019,5.630833333333333,8.481321146527199,51530,51530
Chicago,2024,5.628333333333333,8.47163257429564,51545,51545
Chicago,2025,5.659166666666667,8.609770808202644,53619,53619
Copenhagen,2014,5.435833333333333,7.571309251014924,9528,9528
Copenhagen,2015,5.426666666666667,8.09872029250458,9097,9097
Copenhagen,2016,5.507499999999999,15.981012658227844,8171,8171
Copenhagen,2017,5.475,8.37522517502185,7960,7960
Copenhagen,2018,5.505833333333333,11.719707449476235,7338,7338
Copenhagen,2019,5.555833333333334,11.418542225893047,10707,10707
Copenhagen,2022,5.425,7.015403385694685,8461,8461
Copenhagen,2023,5.425,9.199065222009772,10109,10109
Copenhagen,2024,5.4125,4.888718967794881,14404,14404
Copenhagen,2025,5.378333333333333,4.21644413211526,18409,18409
Copenhagen,2026,5.3533333333333335,3.3495145631067924,21511,21511
Dubai,2016,5.652083333333334,14.381425011864156,1852,1852
Dubai,2019,5.647083333333333,14.6674386877097,1688,1688
Dubai,2020,5.697916666666667,14.157855080591798,1824,1824
Dubai,2023,5.660416666666666,10.060571130141204,3742,3742
Dubai,2024,5.5649999999999995,10.599622285174704,1245,1245
Dubai,2025,5.4350000000000005,8.456503717043194,1534,1534
Eindhoven,2011,4.98125,3.93962415043837,1268,1268
Eindhoven,2012,4.972083333333334,4.108489991018294,1264,1264
Eindhoven,2013,4.965,3.964413922272514,1277,1277
Eindhoven,2014,4.99625,6.82665400365522,1154,1154
Eindhoven,2015,5.136666666666667,4.87210718635811,1839,1839
Eindhoven,2016,5.213333333333334,5.710921401236391,2123,2123
Eindhoven,2018,5.25125,13.984265848952827,2012,2012
Eindhoven,2019,5.270416666666666,13.304071207696655,2386,2386
Eindhoven,2021,5.2275,4.40578767680051,1377,1377
Eindhoven,2022,5.0649999999999995,5.455825413586757,2459,2459
Eindhoven,2023,5.27375,7.155979069776263,2866,2866
Eindhoven,2024,5.295833333333333,4.351702263586077,4728,4728
Gold Coast,2016,5.595,14.29731925264013,5331,5331
Gold Coast,2017,5.611666666666666,13.414322250639387,5111,5111
Gold Coast,2018,5.63875,15.944631760214723,5712,5712
Gold Coast,2019,5.6525,12.613743007654177,5620,5620
Gold Coast,2022,5.358333333333333,8.08122104115563,3959,3959
Gold Coast,2023,5.3966666666666665,8.003233629749396,5811,5811
Gold Coast,2024,5.049166666666666,5.4824693826824085,5692,5692
Hamburg,2013,5.485,5.9001731102135135,11355,11355
Hamburg,2014,5.465833333333333,4.771921341070273,12806,12806
Hamburg,2015,5.5233333333333325,5.535268114549297,14663,14663
Hamburg,2016,5.4816666666666665,5.2263749620176325,12019,12019
Hamburg,2017,5.465833333333333,5.090714120332295,11884,11884
Hamburg,2018,5.565833333333333,9.63975509041719,9953,9953
Hamburg,2019,5.48625,4.75573422181138,10010,10010
Hamburg,2022,5.427499999999999,6.489034579269304,5460,5460
Hamburg,2023,5.4975000000000005,7.108816521048444,8343,8343
Hamburg,2024,5.546666666666667,8.737580362361186,10481,10481
Hamburg,2025,5.5175,5.650035137034437,10595,10595
Helsinki,2015,5.782916666666667,8.178767013002709,3356,3356
Helsinki,2016,5.685833333333333,7.804136730519895,2716,2716
Helsinki,2017,6.004166666666666,12.293519695044463,1781,1781
London,2019,5.7875,11.404494382022467,41765,41765
London,2021,5.5675,12.27159468438539,21929,21929
London,2022,5.798333333333333,12.194104262959382,30878,30878
London,2023,5.638333333333334,9.072773007199242,33381,33381
London,2024,5.691666666666666,8.551393200617753,46160,46160
London,2025,5.885000000000001,13.752261716846393,53796,53796
London,2026,5.870416666666667,11.239832093515055,56762,56762
Madrid,2013,5.420833333333333,3.410145424641964,7572,7572
Madrid,2014,5.37,6.3190705582317985,5873,5873
Madrid,2015,5.7075,1.8290148261050243,11517,11517
Madrid,2016,5.6225000000000005,5.79896907216495,9757,9757
Madrid,2017,5.738333333333333,6.299212598425208,9781,9781
Madrid,2018,5.715833333333333,5.544109660997199,8310,8310
Madrid,2019,5.3725000000000005,8.720040795512496,7677,7677
Madrid,2021,5.279583333333333,10.093017917326787,2978,2978
Madrid,2022,5.113333333333333,7.628798785613878,4152,4152
Madrid,2023,5.34,9.450124598717679,6914,6914
Madrid,2024,5.325,6.975933031042891,8495,8495
Madrid,2025,5.3758333333333335,8.165412790058369,9910,9910
Madrid,2026,5.439166666666667,10.504065040650401,10813,10813
New York,2006,6.0183333333333335,6.7772235176822075,34056,34056
New York,2007,5.9,9.04036623922566,15398,15398
New York,2009,5.708333333333333,11.431341720499798,42364,42364
New York,2010,5.736666666666666,12.203117435918642,43854,43854
New York,2011,5.751666666666667,12.579879496074486,45929,45929
New York,2013,5.800833333333333,11.370468611847917,48583,48583
New York,2014,5.876666666666667,12.882237177545441,42792,42792
New York,2015,5.9350000000000005,14.406065711878679,48685,48685
New York,2016,5.9625,12.550105300019855,50546,50546
New York,2017,5.945833333333334,12.208889320889128,49354,49354
New York,2018,5.925833333333333,13.33806311901239,51928,51928
New York,2019,5.905,12.118318502772485,52752,52752
New York,2021,5.92,12.412297486924363,24617,24617
New York,2022,6.100833333333333,17.333199356913177,46935,46935
New York,2023,5.956666666666666,13.144514183460466,50436,50436
New York,2024,5.854166666666667,9.390542974242667,55064,55064
New York,2025,5.8100000000000005,10.6327462491846,58339,58339
Oslo,2016,5.405833333333334,6.029549178485372,2384,2384
Oslo,2017,5.248333333333333,8.618708342909676,1975,1975
Oslo,2018,5.355416666666667,7.976615109193375,2204,2204
Oslo,2022,5.294583333333334,6.822171041607983,1788,1788
Oslo,2023,5.377916666666666,6.742873198536681,2490,2490
Oslo,2024,5.364583333333333,5.729670756999649,3958,3958
Oslo,2025,5.4375,6.309139023709697,4112,4112
Prague,2016,5.866249999999999,8.255192553556256,5732,5732
Prague,2017,5.92,5.608414871999412,6452,6452
Prague,2018,5.891666666666667,5.791054739652868,6921,6921
Prague,2019,5.9075,1.808103471030753,7227,7227
Rotterdam,2013,5.451666666666667,12.53968253968254,8281,8281
Rotterdam,2014,5.463333333333334,7.162357475509884,10601,10601
Rotterdam,2015,5.4366666666666665,7.358570177533641,11756,11756
Rotterdam,2016,5.453333333333333,8.597671097061678,12740,12740
Rotterdam,2017,5.5183333333333335,11.48800000000001,12693,12693
Rotterdam,2018,5.565833333333333,13.286347693733036,13790,13790
Rotterdam,2019,5.5600000000000005,12.265512265512267,14269,14269
Rotterdam,2021,5.47,6.064474990097657,10632,10632
Rotterdam,2022,5.408333333333333,7.562679819153306,11613,11613
Rotterdam,2023,5.4025,4.46405056623651,16543,16543
Rotterdam,2024,5.456666666666666,7.691172128727497,17005,17005
Stockholm,2011,5.474166666666666,5.506924694117332,9924,9924
Stockholm,2021,5.516249999999999,7.880838935418688,6952,6952
Stockholm,2024,6.025833333333334,12.806372549019617,16949,16949
Sydney,2017,5.55,11.828413675939697,3461,3461
Sydney,2018,5.572500000000001,10.047127153908132,3552,3552
Sydney,2019,5.58375,13.088144452843931,4332,4332
Valencia,2021,5.094166666666666,3.864841600874558,12410,12410
Valencia,2022,4.97,4.1125339253689885,21306,21306
Valencia,2023,4.925833333333333,3.4698558174353633,24578,24578
Valencia,2024,4.929166666666666,5.869632375656475,27515,27515
Warsaw,2015,5.423333333333333,6.2301335028607685,6883,6883
Warsaw,2016,5.309583333333334,5.076926157803929,6512,6512
Warsaw,2017,5.331666666666666,7.801213522103434,5467,5467
Warsaw,2018,5.388333333333334,8.927188640325689,4290,4290
Washington,2008,6.08,11.412850550230736,17385,17385
Washington,2009,6.1033333333333335,11.838790931989918,19593,19593
Washington,2010,6.098333333333333,13.86049734116359,20820,20820
Washington,2011,6.1625,10.474575166866861,19708,19708
Washington,2012,6.229166666666667,11.694545454545446,21771,21771
Washington,2013,6.286666666666666,9.092240117130302,19737,19737
Washington,2014,6.284166666666667,14.077936333699226,18995,18995
Washington,2015,6.3875,12.62284556493164,21776,21776
Washington,2016,6.429166666666666,16.65723865021801,18866,18866
Washington,2017,6.350833333333333,15.648445873526251,16195,16195
Washington,2018,6.4141666666666675,12.545707369142356,18994,18994
