ability_band,sex,ability_lo_min,n,finish_p10_min,finish_p50_min,finish_p90_min,mean_positive_split,mean_split_ratio,htw_rate,mean_severity,severity_none_rate,severity_mild_rate,severity_moderate_rate,severity_severe_rate,pace_first_half_p10,pace_first_half_p25,pace_first_half_p50,pace_first_half_p75,pace_first_half_p90,base_pace_p10,base_pace_p25,base_pace_p50,base_pace_p75,base_pace_p90,recommended_first_half_lo,recommended_first_half_hi,recommended_base_pace_lo,recommended_base_pace_hi
a90,M,90,32,93.21833038330078,101.11666870117188,222.19667053222656,0.0395626425743103,1.039562702178955,0.0625,0.047505732625722885,0.875,0.09375,0.03125,0.0,2.18233323097229,2.196666717529297,2.392916679382324,3.163749933242798,4.921833515167236,2.18233323097229,2.184166669845581,2.3516666889190674,3.169722080230713,4.932333469390869,2.196666717529297,3.163749933242798,2.184166669845581,3.169722080230713
a120,F,120,746,139.70834350585938,145.10833740234375,149.35000610351562,0.02885441854596138,1.0288543701171875,0.006702412868632708,0.034954946488142014,0.9638069705093834,0.03351206434316354,0.0013404825737265416,0.0013404825737265416,3.263333320617676,3.322499990463257,3.3916666507720947,3.450000047683716,3.505000114440918,3.258333206176758,3.3188889026641846,3.386666774749756,3.451111078262329,3.4977777004241943,3.322499990463257,3.450000047683716,3.3188889026641846,3.451111078262329
a120,M,120,10193,130.61666870117188,145.68333435058594,152.69667053222656,0.03947848826646805,1.0394785404205322,0.04012557637594428,0.04177066311240196,0.9101344059648778,0.08142843127636613,0.00657313842833317,0.0018640243304228392,3.0216667652130127,3.2041666507720947,3.3908333778381348,3.490000009536743,3.551666736602783,3.021111011505127,3.207777738571167,3.3933334350585938,3.4911110401153564,3.55222225189209,3.2041666507720947,3.490000009536743,3.207777738571167,3.4911110401153564
a150,F,150,8795,161.57333374023438,175.93333435058594,186.39999389648438,0.03613883629441261,1.036138892173767,0.030585559977259806,0.039466943591833115,0.9163160886867538,0.07663445139283684,0.0053439454235361,0.0017055144968732233,3.744999885559082,3.944166660308838,4.104166507720947,4.208333492279053,4.307499885559082,3.753333330154419,3.9488887786865234,4.1077775955200195,4.208889007568359,4.30222225189209,3.944166660308838,4.208333492279053,3.9488887786865234,4.208889007568359
a150,M,150,142608,159.26666259765625,173.96665954589844,184.5500030517578,0.045425545424222946,1.0454254150390625,0.06989790194098508,0.04983583092689514,0.8637664086166273,0.12016156176371592,0.012769269606193201,0.0033027600134634804,3.691666603088379,3.8533332347869873,4.025000095367432,4.178333282470703,4.260833263397217,3.693333387374878,3.8511111736297607,4.021111011505127,4.173333168029785,4.257777690887451,3.8533332347869873,4.178333282470703,3.8511111736297607,4.173333168029785
a180,F,180,61531,188.0,202.01666259765625,211.93333435058594,0.0459677018225193,1.045967698097229,0.04521298207407648,0.05025463178753853,0.864604833336042,0.12700914985942047,0.006484536250020315,0.0019014805545172352,4.331666469573975,4.499166488647461,4.679999828338623,4.839166641235352,4.964166641235352,4.334444522857666,4.501111030578613,4.6777777671813965,4.833333492279053,4.960000038146973,4.499166488647461,4.839166641235352,4.501111030578613,4.833333492279053
a180,M,180,326818,185.75,200.3333282470703,213.0,0.06925838440656662,1.0692583322525024,0.15792887784638546,0.07554707676172256,0.726462434749616,0.23920347104504647,0.02928541267616839,0.00504868152916914,4.231666564941406,4.369999885559082,4.590000152587891,4.800000190734863,4.955833435058594,4.22777795791626,4.363333225250244,4.577777862548828,4.7833333015441895,4.9422221183776855,4.369999885559082,4.800000190734863,4.363333225250244,4.7833333015441895
a210,F,210,153212,215.11666870117188,229.6999969482422,239.6999969482422,0.05727364495396614,1.0572736263275146,0.0783424274860977,0.06250777095556259,0.7931167271493095,0.19259588021825966,0.012211837192909171,0.0020755554395217083,4.93583345413208,5.083333492279053,5.291666507720947,5.486666679382324,5.640833377838135,4.936666488647461,5.082221984863281,5.2866668701171875,5.47777795791626,5.628889083862305,5.083333492279053,5.486666679382324,5.082221984863281,5.47777795791626
a210,M,210,476153,214.35000610351562,228.68333435058594,239.86666870117188,0.0880032405257225,1.0880032777786255,0.2420167467179667,0.09562713652849197,0.6260823726827301,0.31189974651005037,0.05216810562991307,0.009849775177306454,4.829166889190674,4.980833530426025,5.198333263397217,5.423333168029785,5.610000133514404,4.815555572509766,4.9666666984558105,5.1777777671813965,5.402222156524658,5.587777614593506,4.980833530426025,5.423333168029785,4.9666666984558105,5.402222156524658
a240,F,240,183032,243.63333129882812,257.1499938964844,269.26666259765625,0.08363199979066849,1.083631992340088,0.15600550723370776,0.08755684643983841,0.6438764806154115,0.32568621880326937,0.02707176887101709,0.0033655317103020235,5.505000114440918,5.65500020980835,5.8416666984558105,6.057499885559082,6.262499809265137,5.5088887214660645,5.6533331871032715,5.837777614593506,6.05222225189209,6.256666660308838,5.65500020980835,6.057499885559082,5.6533331871032715,6.05222225189209
a240,M,240,351223,243.13333129882812,255.96665954589844,269.3500061035156,0.13343553245067596,1.133435606956482,0.4239585676336686,0.1401130110025406,0.4124729872474183,0.45058837262935514,0.11477892962590719,0.022159710497319365,5.296666622161865,5.505833148956299,5.694166660308838,5.926666736602783,6.164166450500488,5.288888931274414,5.488888740539551,5.673333168029785,5.897777557373047,6.137777805328369,5.505833148956299,5.926666736602783,5.488888740539551,5.897777557373047
a270,F,270,159585,273.04998779296875,285.5833435058594,298.75,0.11177033931016922,1.1117703914642334,0.24706582698875207,0.11193400621414185,0.5089952063163831,0.4279474887990726,0.055957640129084815,0.007099664755459473,6.000833511352539,6.207499980926514,6.424166679382324,6.650000095367432,6.867499828338623,6.021111011505127,6.225555419921875,6.440000057220459,6.670000076293945,6.89555549621582,6.207499980926514,6.650000095367432,6.225555419921875,6.670000076293945
a270,M,270,223340,272.8833312988281,285.01666259765625,298.8333435058594,0.18367338180541992,1.18367338180542,0.562501119369571,0.18581262230873108,0.26800394018089013,0.46619056147577687,0.21225038058565415,0.05355511775767888,5.680833339691162,5.934166431427002,6.223333358764648,6.494999885559082,6.752500057220459,5.6811113357543945,5.932222366333008,6.218888759613037,6.492222309112549,6.757777690887451,5.934166431427002,6.494999885559082,5.932222366333008,6.492222309112549
a300,F,300,100688,302.6833190917969,314.75,328.4166564941406,0.14960427582263947,1.149604320526123,0.36069839504211026,0.142983540892601,0.35334895916097253,0.5332015731765454,0.09883004926108374,0.014619418401398378,6.500833511352539,6.7216668128967285,6.956666469573975,7.192500114440918,7.430833339691162,6.5477776527404785,6.773333549499512,7.015555381774902,7.2588887214660645,7.505555629730225,6.7216668128967285,7.192500114440918,6.773333549499512,7.2588887214660645
a300,M,300,110060,302.5833435058594,314.3666687011719,328.5666809082031,0.22782012820243835,1.2278200387954712,0.6523078320915864,0.2224639505147934,0.1648737052516809,0.48057423223696166,0.2631928039251317,0.09135925858622569,6.135000228881836,6.423333168029785,6.723750114440918,7.014166831970215,7.2783331871032715,6.157777786254883,6.455555438995361,6.7622222900390625,7.059999942779541,7.337777614593506,6.423333168029785,7.014166831970215,6.455555438995361,7.059999942779541
a330,F,330,62699,332.6333312988281,344.1833190917969,357.8999938964844,0.17477534711360931,1.174775242805481,0.41938467918148614,0.16060034930706024,0.28844160193942486,0.5553517599961721,0.13277723727651158,0.023429400787891352,6.994166851043701,7.246666431427002,7.519166469573975,7.791666507720947,8.042499542236328,7.077777862548828,7.344444274902344,7.633333206176758,7.912222385406494,8.178889274597168,7.246666431427002,7.791666507720947,7.344444274902344,7.912222385406494
a330,M,330,55174,332.45001220703125,343.79998779296875,358.0833435058594,0.2525787055492401,1.2525787353515625,0.665385870156233,0.23772494494915009,0.13535360858375323,0.4727045347446261,0.28176314930945734,0.11017870736216334,6.615833282470703,6.940833568572998,7.263333320617676,7.5933332443237305,7.899166584014893,6.686666488647461,7.026666641235352,7.365555763244629,7.711111068725586,8.028554916381836,6.940833568572998,7.5933332443237305,7.026666641235352,7.711111068725586
a360,F,360,30741,362.29998779296875,373.20001220703125,387.4333190917969,0.1841643899679184,1.1841644048690796,0.4208711492794639,0.1632145196199417,0.28583975797794475,0.5505351159689015,0.13620246576233694,0.027422660290816823,7.557499885559082,7.8383331298828125,8.125,8.40999984741211,8.66333293914795,7.696666717529297,7.989999771118164,8.296667098999023,8.592222213745117,8.863333702087402,7.8383331298828125,8.40999984741211,7.989999771118164,8.592222213745117
a360,M,360,22131,362.23333740234375,373.0,387.6333312988281,0.25652042031288147,1.256520390510559,0.612082599069179,0.23253783583641052,0.1567936378835118,0.47399575256427634,0.2604491437350323,0.10876146581717952,7.151666641235352,7.526666641235352,7.890833377838135,8.232500076293945,8.540833473205566,7.28000020980835,7.691111087799072,8.067777633666992,8.424444198608398,8.735555648803711,7.526666641235352,8.232500076293945,7.691111087799072,8.424444198608398
a390,F,390,13474,392.1666564941406,402.4333190917969,416.961669921875,0.193171426653862,1.1931713819503784,0.43172035030428974,0.16844847798347473,0.2743060709514621,0.5518034733560933,0.13834050764435207,0.035549948048092625,8.095000267028809,8.432499885559082,8.744166374206543,9.037500381469727,9.310832977294922,8.277777671813965,8.617777824401855,8.95111083984375,9.267777442932129,9.54111099243164,8.432499885559082,9.037500381469727,8.617777824401855,9.267777442932129
a390,M,390,8619,392.1666564941406,402.1000061035156,416.8666687011719,0.2614564597606659,1.2614564895629883,0.6048265460030166,0.23228447139263153,0.15976331360946747,0.4864833507367444,0.2453880960668291,0.10836523958695904,7.707333087921143,8.111666679382324,8.5,8.869999885559082,9.204999923706055,7.897777557373047,8.318888664245605,8.725555419921875,9.102777481079102,9.44355583190918,8.111666679382324,8.869999885559082,8.318888664245605,9.102777481079102
a420,F,420,5120,422.09832763671875,431.6666564941406,446.1016845703125,0.19261285662651062,1.192612886428833,0.3873046875,0.16368317604064941,0.29765625,0.546484375,0.12265625,0.033203125,8.716333389282227,9.0600004196167,9.37833309173584,9.680000305175781,9.993415832519531,8.948888778686523,9.310833930969238,9.636666297912598,9.95805549621582,10.263333320617676,9.0600004196167,9.680000305175781,9.310833930969238,9.95805549621582
a420,M,420,2882,422.01666259765625,431.7749938964844,446.413330078125,0.265811949968338,1.2658119201660156,0.5582928521859819,0.23173747956752777,0.1839000693962526,0.48334489937543373,0.21547536433032616,0.11727966689798751,8.183333396911621,8.716041564941406,9.15333366394043,9.53166675567627,9.891666412353516,8.436888694763184,9.009166717529297,9.448888778686523,9.801944732666016,10.144222259521484,8.716041564941406,9.53166675567627,9.009166717529297,9.801944732666016
a450,F,450,1727,452.01666259765625,461.54998779296875,476.5566711425781,0.20226460695266724,1.202264666557312,0.40764331210191085,0.1705951690673828,0.29357266936884774,0.5222929936305732,0.1459177764910249,0.03821656050955414,9.253499984741211,9.610833168029785,9.977499961853027,10.34666633605957,10.704500198364258,9.515110969543457,9.921111106872559,10.288888931274414,10.654444694519043,11.031999588012695,9.610833168029785,10.34666633605957,9.921111106872559,10.654444694519043
a450,M,450,917,451.95001220703125,461.8166809082031,476.816650390625,0.2814103364944458,1.2814102172851562,0.5637949836423118,0.24192221462726593,0.20719738276990185,0.43838604143947657,0.2300981461286805,0.12431842966194111,8.67650032043457,9.232500076293945,9.72166633605957,10.1899995803833,10.691166877746582,9.000222206115723,9.60777759552002,10.039999961853027,10.520000457763672,10.941110610961914,9.232500076293945,10.1899995803833,9.60777759552002,10.520000457763672
a480,F,480,595,482.3666687011719,491.2833251953125,507.1199951171875,0.19032920897006989,1.1903291940689087,0.3831932773109244,0.15922777354717255,0.3865546218487395,0.426890756302521,0.13277310924369748,0.05378151260504202,9.816666603088379,10.283332824707031,10.764166831970215,11.15250015258789,11.450166702270508,10.133111000061035,10.635555267333984,11.088889122009277,11.487222671508789,11.857110977172852,10.283332824707031,11.15250015258789,10.635555267333984,11.487222671508789
a480,M,480,299,482.32000732421875,492.3666687011719,508.9700012207031,0.2515007555484772,1.2515007257461548,0.5451505016722408,0.21760278940200806,0.2709030100334448,0.4013377926421405,0.22742474916387959,0.10033444816053512,9.333000183105469,9.898750305175781,10.552499771118164,10.980416297912598,11.6676664352417,9.718667030334473,10.276111602783203,10.834444046020508,11.362777709960938,11.916888236999512,9.898750305175781,10.980416297912598,10.276111602783203,11.362777709960938
a510,F,510,208,511.29833984375,521.875,538.9417114257812,0.19260920584201813,1.192609190940857,0.38461538461538464,0.1616300493478775,0.36538461538461536,0.4375,0.15384615384615385,0.04326923076923077,10.390166282653809,10.86895751953125,11.402915954589844,11.895625114440918,12.363917350769043,10.73811149597168,11.25777816772461,11.738333702087402,12.292222023010254,12.822111129760742,10.86895751953125,11.895625114440918,11.25777816772461,12.292222023010254
a510,M,510,66,514.4000244140625,523.8250122070312,543.9083251953125,0.2450246810913086,1.245024561882019,0.3787878787878788,0.20869190990924835,0.2878787878787879,0.5,0.09090909090909091,0.12121212121212122,9.81833267211914,11.071041107177734,11.37125015258789,11.78979206085205,12.163749694824219,10.07722282409668,11.26361083984375,11.828888893127441,12.176667213439941,12.681111335754395,11.071041107177734,11.78979206085205,11.26361083984375,12.176667213439941
a540,F,540,49,542.6400146484375,549.7166748046875,568.28662109375,0.16215531527996063,1.162155270576477,0.30612244897959184,0.15972191095352173,0.32653061224489793,0.4489795918367347,0.14285714285714285,0.08163265306122448,10.845832824707031,11.65333366394043,12.145833015441895,12.484999656677246,13.295499801635742,11.185999870300293,12.008889198303223,12.334444046020508,12.764444351196289,13.5600004196167,11.65333366394043,12.484999656677246,12.008889198303223,12.764444351196289
a540,M,540,38,540.6799926757812,554.3583374023438,574.4249877929688,0.23604129254817963,1.2360414266586304,0.3684210526315789,0.2384529858827591,0.42105263157894735,0.39473684210526316,0.13157894736842105,0.05263157894736842,11.18316650390625,11.487083435058594,12.199999809265137,13.057499885559082,13.641416549682617,11.280333518981934,11.666666030883789,12.502222061157227,13.389444351196289,13.71066665649414,11.487083435058594,13.057499885559082,11.666666030883789,13.389444351196289
