ability_band,sex,course,is_major,ability_lo_min,n,finish_p10_min,finish_p50_min,finish_p90_min,mean_positive_split,mean_split_ratio,htw_rate,mean_severity,severity_none_rate,severity_mild_rate,severity_moderate_rate,severity_severe_rate,pace_first_half_p10,pace_first_half_p25,pace_first_half_p50,pace_first_half_p75,pace_first_half_p90,base_pace_p10,base_pace_p25,base_pace_p50,base_pace_p75,base_pace_p90,recommended_first_half_lo,recommended_first_half_hi,recommended_base_pace_lo,recommended_base_pace_hi
a120,F,Berlin,True,120,159,140.3766632080078,144.93333435058594,149.2566680908203,0.03068634867668152,1.0306862592697144,0.012578616352201259,0.03451767936348915,0.9685534591194969,0.025157232704402517,0.0,0.006289308176100629,3.2773332595825195,3.3029165267944336,3.362499952316284,3.4541666507720947,3.497499942779541,3.2799999713897705,3.2966666221618652,3.366666555404663,3.457777738571167,3.497999906539917,3.3029165267944336,3.4541666507720947,3.2966666221618652,3.457777738571167
a120,F,Boston,True,120,95,141.0433349609375,144.71665954589844,148.68333435058594,0.02707558125257492,1.0270756483078003,0.0,0.03778786212205887,0.9473684210526315,0.05263157894736842,0.0,0.0,3.2941665649414062,3.351250171661377,3.388333320617676,3.435833215713501,3.4546666145324707,3.2655556201934814,3.3188889026641846,3.3755555152893066,3.4394445419311523,3.4733333587646484,3.351250171661377,3.435833215713501,3.3188889026641846,3.4394445419311523
a120,F,Chicago,True,120,38,131.29833984375,143.49166870117188,149.4216766357422,0.05408158525824547,1.054081678390503,0.02631578947368421,0.05236862599849701,0.9210526315789473,0.05263157894736842,0.02631578947368421,0.0,2.959416627883911,3.2004168033599854,3.3270833492279053,3.4191665649414062,3.4608335494995117,2.9236667156219482,3.2088890075683594,3.342777729034424,3.418888807296753,3.4743332862854004,3.2004168033599854,3.4191665649414062,3.2088890075683594,3.418888807296753
a120,F,London,True,120,72,136.65333557128906,141.60833740234375,147.94833374023438,0.029965348541736603,1.0299652814865112,0.0,0.03290903568267822,0.9583333333333334,0.041666666666666664,0.0,0.0,3.179166555404663,3.248333215713501,3.3154168128967285,3.411041736602783,3.4440832138061523,3.190000057220459,3.2497222423553467,3.3333334922790527,3.418888807296753,3.4608888626098633,3.248333215713501,3.411041736602783,3.2497222423553467,3.418888807296753
a120,F,New York,True,120,66,142.8416748046875,146.64166259765625,149.60000610351562,0.011803500354290009,1.0118035078048706,0.0,0.027921319007873535,0.9696969696969697,0.030303030303030304,0.0,0.0,3.3754167556762695,3.4077084064483643,3.449166774749756,3.505000114440918,3.517083168029785,3.358333110809326,3.396111011505127,3.415555477142334,3.4533333778381348,3.529444456100464,3.4077084064483643,3.505000114440918,3.396111011505127,3.4533333778381348
a120,M,Berlin,True,120,1905,132.26666259765625,145.5833282470703,150.5433349609375,0.03753826394677162,1.0375382900238037,0.04251968503937008,0.03976770490407944,0.9091863517060368,0.08556430446194226,0.004724409448818898,0.0005249343832020997,3.0399999618530273,3.2100000381469727,3.384166717529297,3.488333225250244,3.5399999618530273,3.0411109924316406,3.214444398880005,3.387777805328369,3.4911110401153564,3.5411109924316406,3.2100000381469727,3.488333225250244,3.214444398880005,3.4911110401153564
a120,M,Boston,True,120,1082,133.05999755859375,147.64166259765625,158.62832641601562,0.047495268285274506,1.0474952459335327,0.04066543438077634,0.047581277787685394,0.9001848428835489,0.08687615526802218,0.009242144177449169,0.0036968576709796672,3.050833225250244,3.302708387374878,3.430833339691162,3.520624876022339,3.627333402633667,3.0778889656066895,3.31333327293396,3.4377777576446533,3.5222222805023193,3.640000104904175,3.302708387374878,3.520624876022339,3.31333327293396,3.5222222805023193
a120,M,Chicago,True,120,354,130.7083282470703,146.75,154.0050048828125,0.04403473064303398,1.044034719467163,0.05649717514124294,0.04634065181016922,0.8898305084745762,0.1016949152542373,0.00847457627118644,0.0,3.0374999046325684,3.2595834732055664,3.397083282470703,3.4931249618530273,3.558666706085205,3.048888921737671,3.25944447517395,3.3983333110809326,3.48972225189209,3.5604445934295654,3.2595834732055664,3.4931249618530273,3.25944447517395,3.48972225189209
a120,M,London,True,120,1503,137.60333251953125,148.13333129882812,160.1300048828125,0.04480598866939545,1.0448060035705566,0.0552228875582169,0.04421699047088623,0.8995342648037259,0.08050565535595476,0.015968063872255488,0.003992015968063872,3.19433331489563,3.3375000953674316,3.449166774749756,3.5274999141693115,3.698333501815796,3.2068889141082764,3.347222328186035,3.4600000381469727,3.538888931274414,3.7100000381469727,3.3375000953674316,3.5274999141693115,3.347222328186035,3.538888931274414
a120,M,New York,True,120,399,130.94000244140625,145.3333282470703,150.84666442871094,0.04540897160768509,1.0454089641571045,0.05263157894736842,0.0518941767513752,0.8922305764411027,0.09273182957393483,0.007518796992481203,0.007518796992481203,3.066666603088379,3.119999885559082,3.3483333587646484,3.4741666316986084,3.552500009536743,3.069777727127075,3.1127777099609375,3.342222213745117,3.466111183166504,3.5446667671203613,3.119999885559082,3.4741666316986084,3.1127777099609375,3.466111183166504
a120,M,Tokyo,True,120,226,128.52499389648438,141.61666870117188,148.9083251953125,0.04403642937541008,1.0440365076065063,0.01327433628318584,0.04458364471793175,0.8982300884955752,0.09734513274336283,0.004424778761061947,0.0,2.9791667461395264,3.0816667079925537,3.258333206176758,3.3949999809265137,3.480416774749756,2.9844443798065186,3.086944341659546,3.259999990463257,3.404444456100464,3.4811110496520996,3.0816667079925537,3.3949999809265137,3.086944341659546,3.404444456100464
a150,F,Berlin,True,150,1636,159.875,175.36666870117188,181.9083251953125,0.0294948797672987,1.0294948816299438,0.022616136919315404,0.03340332582592964,0.9382640586797066,0.055623471882640586,0.003667481662591687,0.0024449877750611247,3.7283332347869873,3.9347915649414062,4.097499847412109,4.205833435058594,4.2758331298828125,3.740000009536743,3.9363889694213867,4.0966668128967285,4.2047224044799805,4.273333549499512,3.9347915649414062,4.205833435058594,3.9363889694213867,4.2047224044799805
a150,F,Boston,True,150,1964,165.63833618164062,176.96665954589844,189.2949981689453,0.034267671406269073,1.034267544746399,0.026476578411405296,0.039145201444625854,0.9164969450101833,0.07841140529531568,0.0050916496945010185,0.0,3.8496665954589844,4.014166831970215,4.137499809265137,4.2216668128967285,4.370083332061768,3.8517777919769287,4.018610954284668,4.135555744171143,4.217777729034424,4.361222267150879,4.014166831970215,4.2216668128967285,4.018610954284668,4.217777729034424
a150,F,Chicago,True,150,667,164.2433319091797,175.9166717529297,183.09666442871094,0.030522679910063744,1.0305227041244507,0.03298350824587706,0.03515778109431267,0.9325337331334332,0.05697151424287856,0.004497751124437781,0.005997001499250375,3.8331668376922607,3.978749990463257,4.115833282470703,4.212500095367432,4.286499977111816,3.829777956008911,3.9844446182250977,4.113333225250244,4.211111068725586,4.281555652618408,3.978749990463257,4.212500095367432,3.9844446182250977,4.211111068725586
a150,F,London,True,150,1657,165.47666931152344,177.14999389648438,192.33999633789062,0.042824886739254,1.0428248643875122,0.0356065178032589,0.042050231248140335,0.9112854556427278,0.07845503922751962,0.007845503922751962,0.0024140012070006035,3.8333332538604736,3.9766666889190674,4.125833511352539,4.230833530426025,4.430833339691162,3.851555585861206,3.992222309112549,4.141110897064209,4.248888969421387,4.458222389221191,3.9766666889190674,4.230833530426025,3.992222309112549,4.248888969421387
a150,F,New York,True,150,804,164.6666717529297,176.1750030517578,187.4683380126953,0.04430125653743744,1.0443012714385986,0.03855721393034826,0.04796586558222771,0.8880597014925373,0.10074626865671642,0.008706467661691543,0.0024875621890547263,3.8127498626708984,3.9649999141693115,4.094583511352539,4.193333148956299,4.2791666984558105,3.821444511413574,3.968888998031616,4.092222213745117,4.190278053283691,4.288888931274414,3.9649999141693115,4.193333148956299,3.968888998031616,4.190278053283691
a150,M,Berlin,True,150,31513,159.61666870117188,174.75,186.6800079345703,0.041613999754190445,1.041614055633545,0.06124456573477612,0.045596592128276825,0.8770666074318535,0.10992288896645828,0.010884396915558658,0.002126106686129534,3.7076666355133057,3.869999885559082,4.048333168029785,4.196666717529297,4.2816667556762695,3.711111068725586,3.8722221851348877,4.046666622161865,4.193333148956299,4.275555610656738,3.869999885559082,4.196666717529297,3.8722221851348877,4.193333148956299
a150,M,Boston,True,150,20480,159.13333129882812,172.78334045410156,182.60166931152344,0.05615722015500069,1.056157112121582,0.07734375,0.05876821279525757,0.83056640625,0.14833984375,0.017041015625,0.004052734375,3.674166679382324,3.821666717529297,3.9858334064483643,4.127500057220459,4.223333358764648,3.676666736602783,3.82194447517395,3.986666679382324,4.128889083862305,4.222222328186035,3.821666717529297,4.127500057220459,3.82194447517395,4.128889083862305
a150,M,Chicago,True,150,6817,159.3766632080078,172.60000610351562,179.71665954589844,0.04472119361162186,1.0447211265563965,0.07613319642071292,0.04903677478432655,0.8685638844066305,0.11794044301012176,0.00982837025084348,0.0036673023324042832,3.68833327293396,3.8383333683013916,4.0,4.140833377838135,4.228333473205566,3.68666672706604,3.834444522857666,3.9955556392669678,4.137777805328369,4.225555419921875,3.8383333683013916,4.140833377838135,3.834444522857666,4.137777805328369
a150,M,London,True,150,16414,157.6999969482422,172.5416717529297,190.0783233642578,0.05275436490774155,1.0527544021606445,0.07901791153893019,0.05293424427509308,0.8517119532106738,0.12666016814914097,0.01638844888509809,0.005239429755087121,3.6566667556762695,3.7983334064483643,3.990833282470703,4.163333415985107,4.292500019073486,3.6666667461395264,3.8077778816223145,4.001111030578613,4.1777777671813965,4.309999942779541,3.7983334064483643,4.163333415985107,3.8077778816223145,4.1777777671813965
a150,M,New York,True,150,8957,159.85000610351562,174.0500030517578,188.10000610351562,0.0632951483130455,1.0632952451705933,0.10371776264374233,0.06643876433372498,0.8032823490007815,0.16713185218265045,0.022663838338729484,0.006921960477838562,3.6691665649414062,3.8350000381469727,4.0,4.15500020980835,4.264500141143799,3.6666667461395264,3.8333332538604736,4.0,4.1533331871032715,4.266666889190674,3.8350000381469727,4.15500020980835,3.8333332538604736,4.1533331871032715
a150,M,Tokyo,True,150,127,150.94667053222656,154.14999389648438,156.4566650390625,0.04572850465774536,1.0457286834716797,0.06299212598425197,0.046344172209501266,0.889763779527559,0.10236220472440945,0.0,0.007874015748031496,3.455166816711426,3.5183334350585938,3.5833332538604736,3.630000114440918,3.6659998893737793,3.4673333168029785,3.528888702392578,3.5799999237060547,3.6305556297302246,3.6626665592193604,3.5183334350585938,3.630000114440918,3.528888702392578,3.6305556297302246
a180,F,Berlin,True,180,10544,188.0,202.5833282470703,210.8283233642578,0.034825798124074936,1.0348258018493652,0.029874810318664645,0.040132880210876465,0.9100910470409712,0.08535660091047041,0.0033194233687405157,0.0012329286798179059,4.34108304977417,4.524166584014893,4.7133331298828125,4.875833511352539,4.989166736602783,4.3433332443237305,4.525555610656738,4.711111068725586,4.869999885559082,4.982222080230713,4.524166584014893,4.875833511352539,4.525555610656738,4.869999885559082
a180,F,Boston,True,180,16752,187.64999389648438,201.00833129882812,211.06500244140625,0.05184299498796463,1.0518430471420288,0.04566618911174785,0.05504733696579933,0.848018147086915,0.1418935052531041,0.007700573065902579,0.002387774594078319,4.329166889190674,4.483333110809326,4.646666526794434,4.794166564941406,4.913333415985107,4.329999923706055,4.483333110809326,4.646666526794434,4.792222023010254,4.913333415985107,4.483333110809326,4.794166564941406,4.483333110809326,4.792222023010254
a180,F,Chicago,True,180,5026,187.8249969482422,200.6999969482422,209.31666564941406,0.04020022228360176,1.0402002334594727,0.044767210505372065,0.045238129794597626,0.8867886987664146,0.10565061679267808,0.006764822920811779,0.0007958615200955034,4.334166526794434,4.495833396911621,4.669166564941406,4.81083345413208,4.921249866485596,4.340000152587891,4.498888969421387,4.663333415985107,4.80222225189209,4.9116668701171875,4.495833396911621,4.81083345413208,4.498888969421387,4.80222225189209
a180,F,London,True,180,9034,187.5050048828125,201.4499969482422,216.42832946777344,0.053662195801734924,1.0536621809005737,0.0481514279388975,0.05206455662846565,0.8577595749391189,0.13249944653531104,0.0074164268319681205,0.0023245516936019482,4.308333396911621,4.472499847412109,4.662499904632568,4.832499980926514,4.978333473205566,4.331110954284668,4.492500305175781,4.682222366333008,4.853333473205566,5.0,4.472499847412109,4.832499980926514,4.492500305175781,4.853333473205566
a180,F,New York,True,180,6438,188.56666564941406,202.78334045410156,216.85000610351562,0.058498017489910126,1.0584980249404907,0.06461634047840945,0.062113694846630096,0.8036657347002174,0.18468468468468469,0.009164336750543647,0.0024852438645542093,4.325583457946777,4.489166736602783,4.670833110809326,4.833333492279053,4.975833415985107,4.32444429397583,4.489999771118164,4.672222137451172,4.827777862548828,4.9811110496521,4.489166736602783,4.833333492279053,4.489999771118164,4.827777862548828
a180,M,Berlin,True,180,91245,186.53334045410156,201.31666564941406,216.73333740234375,0.06337442249059677,1.063374400138855,0.13011123897199847,0.06808512657880783,0.7615102197380679,0.2123842402323415,0.02202860430708532,0.004076935722505343,4.249166488647461,4.413333415985107,4.625833511352539,4.834166526794434,4.985833168029785,4.248888969421387,4.409999847412109,4.621110916137695,4.826666831970215,4.980000019073486,4.413333415985107,4.834166526794434,4.409999847412109,4.826666831970215
a180,M,Boston,True,180,23878,183.5833282470703,196.3000030517578,209.53834533691406,0.0933639258146286,1.093363881111145,0.17752743110813302,0.09365854412317276,0.6493006114414943,0.2942457492252282,0.047156378256135355,0.00929726107714214,4.1591668128967285,4.264999866485596,4.448333263397217,4.647500038146973,4.824166774749756,4.167778015136719,4.269999980926514,4.453333377838135,4.650000095367432,4.827777862548828,4.264999866485596,4.647500038146973,4.269999980926514,4.650000095367432
a180,M,Chicago,True,180,12061,184.23333740234375,197.8000030517578,209.13333129882812,0.07369470596313477,1.0736947059631348,0.18331813282480722,0.07775873690843582,0.7156952159854075,0.24591659066412402,0.032833098416383384,0.005555094934085068,4.203333377838135,4.307499885559082,4.508333206176758,4.7166666984558105,4.889166831970215,4.206666469573975,4.3077778816223145,4.507777690887451,4.707777976989746,4.872222423553467,4.307499885559082,4.7166666984558105,4.3077778816223145,4.707777976989746
a180,M,London,True,180,23814,185.3000030517578,200.23333740234375,214.0,0.08152647316455841,1.081526517868042,0.1710758377425044,0.08014050126075745,0.7047115142353237,0.2537582934408331,0.03493743176282859,0.0065927605610145296,4.2191667556762695,4.334166526794434,4.571666717529297,4.772500038146973,4.949999809265137,4.238888740539551,4.353333473205566,4.588889122009277,4.791110992431641,4.96999979019165,4.334166526794434,4.772500038146973,4.353333473205566,4.791110992431641
a180,M,New York,True,180,21894,185.8383331298828,200.98333740234375,219.5500030517578,0.09351512789726257,1.093515157699585,0.2223440211930209,0.0964798629283905,0.6235955056179775,0.3157486069242715,0.05106421850735361,0.00959166895039737,4.204999923706055,4.332499980926514,4.559166431427002,4.771666526794434,4.955833435058594,4.204444408416748,4.328888893127441,4.553333282470703,4.764444351196289,4.954444408416748,4.332499980926514,4.771666526794434,4.328888893127441,4.764444351196289
a210,F,Berlin,True,210,35213,215.6699981689453,230.53334045410156,239.85000610351562,0.0439978651702404,1.043997883796692,0.04589214210660836,0.04889974743127823,0.8668105529207963,0.12577741175134183,0.0063044898191009,0.001107545508760969,4.979166507720947,5.137499809265137,5.3433332443237305,5.53000020980835,5.668333530426025,4.983333110809326,5.141110897064209,5.3466668128967285,5.528888702392578,5.665555477142334,5.137499809265137,5.53000020980835,5.141110897064209,5.528888702392578
a210,F,Boston,True,210,18646,213.1583251953125,225.00833129882812,238.64999389648438,0.0787304937839508,1.0787304639816284,0.09610640351818084,0.07864589989185333,0.7151667918052129,0.26252279309235227,0.019575244020165184,0.0027351710822696557,4.8433332443237305,4.9691667556762695,5.137499809265137,5.324999809265137,5.492499828338623,4.8577775955200195,4.976666450500488,5.146666526794434,5.336666584014893,5.501111030578613,4.9691667556762695,5.324999809265137,4.976666450500488,5.336666584014893
a210,F,Chicago,True,210,9378,214.43333435058594,228.125,238.8333282470703,0.05436904728412628,1.0543690919876099,0.08861164427383238,0.060480039566755295,0.8018767327788441,0.18255491576029004,0.013009170398805716,0.0025591810620601407,4.909749984741211,5.055833339691162,5.258333206176758,5.455833435058594,5.604166507720947,4.913333415985107,5.0502777099609375,5.25,5.44444465637207,5.586666584014893,5.055833339691162,5.455833435058594,5.0502777099609375,5.44444465637207
a210,F,London,True,210,16533,214.40333557128906,228.8333282470703,239.81666564941406,0.06980504095554352,1.0698050260543823,0.08086856589850602,0.06653120368719101,0.772394604729934,0.21109296558398355,0.013730115526522712,0.0027823141595596686,4.914166450500488,5.039999961853027,5.242499828338623,5.4375,5.604000091552734,4.941111087799072,5.070000171661377,5.27222204208374,5.465555667877197,5.631111145019531,5.039999961853027,5.4375,5.070000171661377,5.465555667877197
a210,F,New York,True,210,19460,215.81666564941406,230.81666564941406,244.31666564941406,0.07487539201974869,1.0748754739761353,0.11120246659815006,0.0771910771727562,0.7108427543679342,0.26772867420349433,0.01762589928057554,0.003802672147995889,4.912499904632568,5.063333511352539,5.275000095367432,5.475833415985107,5.644999980926514,4.917778015136719,5.067500114440918,5.278888702392578,5.476666450500488,5.644444465637207,5.063333511352539,5.475833415985107,5.067500114440918,5.476666450500488
a210,M,Berlin,True,210,137985,214.5833282470703,229.36666870117188,243.81666564941406,0.07986140251159668,1.0798615217208862,0.19117295358191108,0.08378111571073532,0.682552451353408,0.27234119650686667,0.03809109685835417,0.007015255281371163,4.872499942779541,5.011666774749756,5.237500190734863,5.459166526794434,5.637499809265137,4.875555515289307,5.011111259460449,5.236666679382324,5.457777976989746,5.634444236755371,5.011666774749756,5.459166526794434,5.011111259460449,5.457777976989746
a210,M,Boston,True,210,14459,213.1999969482422,225.9499969482422,239.50332641601562,0.12308456003665924,1.123084545135498,0.27512276091015975,0.12241186946630478,0.5189847154021716,0.36980427415450584,0.08894114392419947,0.02226986651912304,4.6591668128967285,4.864999771118164,5.070000171661377,5.307499885559082,5.513333320617676,4.686666488647461,4.87666654586792,5.078888893127441,5.309999942779541,5.515777587890625,4.864999771118164,5.307499885559082,4.87666654586792,5.309999942779541
a210,M,Chicago,True,210,12729,213.71665954589844,227.13333129882812,239.0,0.09652207046747208,1.0965222120285034,0.2843899756461623,0.10212939977645874,0.603975174797706,0.3158142823473957,0.06583392253908397,0.014376620315814282,4.74233341217041,4.940000057220459,5.148333549499512,5.375833511352539,5.559333324432373,4.746666431427002,4.933333396911621,5.1322221755981445,5.361111164093018,5.539999961853027,4.940000057220459,5.375833511352539,4.933333396911621,5.361111164093018
a210,M,London,True,210,34784,214.3000030517578,228.35000610351562,239.38333129882812,0.10471273213624954,1.104712724685669,0.2453714351425943,0.1011708676815033,0.6001322447102115,0.33207796688132474,0.055830266789328425,0.011959521619135235,4.7816667556762695,4.950833320617676,5.140416622161865,5.363333225250244,5.550833225250244,4.814444541931152,4.975555419921875,5.168889045715332,5.389999866485596,5.579999923706055,4.950833320617676,5.363333225250244,4.975555419921875,5.389999866485596
a210,M,New York,True,210,36109,214.85000610351562,229.76666259765625,248.05332946777344,0.12030694633722305,1.1203069686889648,0.31562768284915116,0.12175071984529495,0.5097067213160154,0.3833947215375668,0.08790052341521504,0.01899803373120275,4.754166603088379,4.9375,5.146666526794434,5.389166831970215,5.598333358764648,4.763333320617676,4.940000057220459,5.147777557373047,5.389999866485596,5.598888874053955,4.9375,5.389166831970215,4.940000057220459,5.389999866485596
a240,F,Berlin,True,240,44948,243.6666717529297,257.3999938964844,269.3166809082031,0.06887677311897278,1.0688767433166504,0.10247396992079737,0.0710524469614029,0.7386980510812494,0.24448251312627925,0.015084097178962357,0.0017353386135089436,5.559166431427002,5.695833206176758,5.886666774749756,6.0966668128967285,6.298333168029785,5.575555324554443,5.706666469573975,5.900000095367432,6.108889102935791,6.304444313049316,5.695833206176758,6.0966668128967285,5.706666469573975,6.108889102935791
a240,F,Boston,True,240,9147,242.6666717529297,254.71665954589844,268.5833435058594,0.1158938780426979,1.115893840789795,0.20290805728654204,0.11233101785182953,0.5139389963922597,0.427134579643599,0.04996173608833497,0.008964687875806275,5.357500076293945,5.523333549499512,5.709166526794434,5.929166793823242,6.139999866485596,5.396666526794434,5.551111221313477,5.732222080230713,5.951111316680908,6.163333415985107,5.523333549499512,5.929166793823242,5.551111221313477,5.951111316680908
a240,F,Chicago,True,240,8902,243.31666564941406,256.4666748046875,268.4666748046875,0.08042112737894058,1.0804210901260376,0.17389350707706133,0.08561171591281891,0.6547966749045159,0.3140867220849247,0.027409570882947654,0.0037070321276117726,5.49833345413208,5.651666641235352,5.833333492279053,6.044166564941406,6.235833168029785,5.502222061157227,5.647777557373047,5.823333263397217,6.0333333015441895,6.217777729034424,5.651666641235352,6.044166564941406,5.647777557373047,6.0333333015441895
a240,F,London,True,240,19734,243.71665954589844,257.29998779296875,269.23333740234375,0.09864362329244614,1.0986435413360596,0.1488294314381271,0.09204339236021042,0.6179183135704874,0.3523360697273741,0.027009222661396576,0.002736394040741867,5.475833415985107,5.62333345413208,5.792500019073486,6.009166717529297,6.211666584014893,5.524444580078125,5.663333415985107,5.835555553436279,6.051111221313477,6.256666660308838,5.62333345413208,6.009166717529297,5.663333415985107,6.051111221313477
a240,F,New York,True,240,26574,244.06666564941406,258.1499938964844,270.45001220703125,0.10305196791887283,1.103052020072937,0.18510574245503122,0.10238901525735855,0.5585534733197862,0.4002408369082562,0.0358244901031083,0.005381199668849251,5.4658331871032715,5.62333345413208,5.81083345413208,6.035833358764648,6.25166654586792,5.486666679382324,5.634444236755371,5.82111120223999,6.048888683319092,6.265555381774902,5.62333345413208,6.035833358764648,5.634444236755371,6.048888683319092
a240,M,Berlin,True,240,98209,243.28334045410156,256.29998779296875,270.3333435058594,0.11976951360702515,1.1197694540023804,0.3431151931085746,0.12108402699232101,0.48882485311936785,0.41572564632569314,0.08098035821564215,0.014469142339296805,5.366666793823242,5.556666851043701,5.732500076293945,5.96750020980835,6.210833549499512,5.3822221755981445,5.565555572509766,5.7377777099609375,5.973333358764648,6.21999979019165,5.556666851043701,5.96750020980835,5.565555572509766,5.973333358764648
a240,M,Boston,True,240,7370,242.96665954589844,255.35000610351562,269.0333251953125,0.16087563335895538,1.160875678062439,0.3926729986431479,0.15856719017028809,0.3614654002713704,0.464314789687924,0.1322930800542741,0.04192672998643148,5.172416687011719,5.419166564941406,5.639999866485596,5.865833282470703,6.102583408355713,5.210000038146973,5.441111087799072,5.647777557373047,5.877777576446533,6.119999885559082,5.419166564941406,5.865833282470703,5.441111087799072,5.877777576446533
a240,M,Chicago,True,240,8789,243.16000366210938,255.76666259765625,268.70001220703125,0.1416167914867401,1.1416168212890625,0.47775628626692457,0.14570829272270203,0.3979974968710889,0.44988053248378657,0.12481510979633632,0.027306860848788257,5.244833469390869,5.482500076293945,5.671666622161865,5.894999980926514,6.12766695022583,5.255555629730225,5.475555419921875,5.657777786254883,5.880000114440918,6.113333225250244,5.482500076293945,5.894999980926514,5.475555419921875,5.880000114440918
a240,M,London,True,240,28673,243.1666717529297,255.96665954589844,268.3833312988281,0.15817591547966003,1.1581759452819824,0.436019949081017,0.15055638551712036,0.3580023018170404,0.49168207024029575,0.12726258152268685,0.02305304641997698,5.236666679382324,5.440833568572998,5.631666660308838,5.821666717529297,6.052499771118164,5.288888931274414,5.488888740539551,5.671111106872559,5.864444255828857,6.096444606781006,5.440833568572998,5.821666717529297,5.488888740539551,5.864444255828857
a240,M,New York,True,240,32319,243.56333923339844,257.3666687011719,273.3166809082031,0.16401194036006927,1.1640119552612305,0.4709304124508803,0.16229800879955292,0.32293697205977906,0.49184690120362634,0.15285126396237508,0.0323648627742195,5.230000019073486,5.449999809265137,5.6566667556762695,5.880833148956299,6.138500213623047,5.257777690887451,5.465555667877197,5.662222385406494,5.889999866485596,6.157777786254883,5.449999809265137,5.880833148956299,5.465555667877197,5.889999866485596
a270,F,Berlin,True,270,37105,272.8999938964844,285.25,298.5,0.09081703424453735,1.0908169746398926,0.16803665274221802,0.08912958949804306,0.6329335669047298,0.3308718501549656,0.032313704352513135,0.0038808785877914027,6.070000171661377,6.273333549499512,6.482500076293945,6.704999923706055,6.9063334465026855,6.113333225250244,6.311110973358154,6.516666889190674,6.745555400848389,6.958889007568359,6.273333549499512,6.704999923706055,6.311110973358154,6.745555400848389
a270,F,Boston,True,270,5424,272.73333740234375,284.42498779296875,297.8949890136719,0.13235951960086823,1.132359504699707,0.24963126843657818,0.1255347728729248,0.4531710914454277,0.4609144542772861,0.07171828908554573,0.014196165191740414,5.892499923706055,6.119166851043701,6.352499961853027,6.57687520980835,6.7833333015441895,5.9525556564331055,6.176666736602783,6.397777557373047,6.628889083862305,6.837777614593506,6.119166851043701,6.57687520980835,6.176666736602783,6.628889083862305
a270,F,Chicago,True,270,5775,272.0333251953125,283.8333435058594,299.04998779296875,0.10396064817905426,1.1039607524871826,0.2522943722943723,0.10673584789037704,0.5501298701298701,0.3875324675324675,0.05350649350649351,0.008831168831168832,5.961999893188477,6.193333148956299,6.43916654586792,6.676249980926514,6.884166717529297,5.996666431427002,6.198888778686523,6.434444427490234,6.679999828338623,6.905111312866211,6.193333148956299,6.676249980926514,6.198888778686523,6.679999828338623
a270,F,London,True,270,21267,273.29998779296875,286.3166809082031,298.3833312988281,0.12331215292215347,1.12331223487854,0.22382094324540366,0.11332221329212189,0.4876569332769079,0.459256124512155,0.04763248224949452,0.0054544599614426105,5.987500190734863,6.182499885559082,6.389166831970215,6.605000019073486,6.81416654586792,6.056666851043701,6.25,6.453333377838135,6.672222137451172,6.888888835906982,6.182499885559082,6.605000019073486,6.25,6.672222137451172
a270,F,New York,True,270,27561,273.3833312988281,286.5666809082031,299.4666748046875,0.12416469305753708,1.1241647005081177,0.2524944668190559,0.12015305459499359,0.46199339646602083,0.4681978157541454,0.06157251188273285,0.008236275897100976,5.9741668701171875,6.184999942779541,6.40749979019165,6.641666889190674,6.869999885559082,6.021111011505127,6.222222328186035,6.44444465637207,6.674444675445557,6.911110877990723,6.184999942779541,6.641666889190674,6.222222328186035,6.674444675445557
a270,M,Berlin,True,270,59775,272.9166564941406,285.1166687011719,299.0833435058594,0.16325221955776215,1.163252353668213,0.4663488080301129,0.1595393270254135,0.3565035549979088,0.44550397323295693,0.16227519866164786,0.03571727310748641,5.741666793823242,6.002500057220459,6.294166564941406,6.553333282470703,6.802499771118164,5.774444580078125,6.037777900695801,6.3222222328186035,6.587777614593506,6.8466668128967285,6.002500057220459,6.553333282470703,6.037777900695801,6.587777614593506
a270,M,Boston,True,270,4658,272.9166564941406,284.54998779296875,298.20501708984375,0.19618062674999237,1.1961807012557983,0.4950622584800343,0.18834933638572693,0.2574066122799485,0.48776298840704163,0.19557750107342206,0.059252898239587806,5.635833263397217,5.9066667556762695,6.190833568572998,6.454166889190674,6.679999828338623,5.687777996063232,5.9522223472595215,6.233888626098633,6.502222061157227,6.739999771118164,5.9066667556762695,6.454166889190674,5.9522223472595215,6.502222061157227
a270,M,Chicago,True,270,6799,272.8999938964844,285.29998779296875,298.4366455078125,0.18511152267456055,1.1851115226745605,0.5849389616120018,0.18605637550354004,0.2695984703632887,0.4713928518899838,0.19973525518458596,0.05927342256214149,5.674166679382324,5.925000190734863,6.21750020980835,6.485833168029785,6.746833324432373,5.683111190795898,5.941111087799072,6.222222328186035,6.493333339691162,6.740221977233887,5.925000190734863,6.485833168029785,5.941111087799072,6.493333339691162
a270,M,London,True,270,20841,273.25,286.2833251953125,298.54998779296875,0.20423416793346405,1.20423424243927,0.5616333189386306,0.19168071448802948,0.22949954416774626,0.5006957439662204,0.22028693440813782,0.04951777745789549,5.669166564941406,5.902500152587891,6.163333415985107,6.416666507720947,6.6558332443237305,5.732222080230713,5.972222328186035,6.234444618225098,6.486666679382324,6.730000019073486,5.902500152587891,6.416666507720947,5.972222328186035,6.486666679382324
a270,M,New York,True,270,26616,273.25,286.3999938964844,299.8833312988281,0.1998526155948639,1.1998525857925415,0.5562067929065224,0.1938517987728119,0.23271716260895703,0.4852720168319808,0.2256161707243763,0.0563946498346859,5.662499904632568,5.90749979019165,6.204166889190674,6.482500076293945,6.764999866485596,5.696666717529297,5.94777774810791,6.2377777099609375,6.515555381774902,6.801111221313477,5.90749979019165,6.482500076293945,5.94777774810791,6.515555381774902
a300,F,Berlin,True,300,19536,302.5333251953125,313.8500061035156,327.54998779296875,0.12972235679626465,1.1297224760055542,0.2767710892710893,0.11956854909658432,0.4716932841932842,0.45290745290745293,0.06633906633906633,0.00906019656019656,6.550833225250244,6.784999847412109,7.014166831970215,7.230000019073486,7.440000057220459,6.634444236755371,6.866666793823242,7.095555782318115,7.325555324554443,7.550000190734863,6.784999847412109,7.230000019073486,6.866666793823242,7.325555324554443
a300,F,Boston,True,300,3083,302.6166687011719,313.8833312988281,327.51666259765625,0.15974555909633636,1.1597455739974976,0.32306195264352905,0.14465683698654175,0.3529030165423289,0.5400583846902368,0.08530651962374311,0.02173207914369121,6.455999851226807,6.678750038146973,6.920000076293945,7.147083282470703,7.354166507720947,6.545555591583252,6.779444694519043,7.02222204208374,7.261111259460449,7.4831109046936035,6.678750038146973,7.147083282470703,6.779444694519043,7.261111259460449
a300,F,Chicago,True,300,6003,302.8333435058594,315.20001220703125,328.2633361816406,0.13876546919345856,1.1387654542922974,0.34549391970681326,0.13509200513362885,0.3983008495752124,0.49808429118773945,0.08895552223888056,0.014659336998167584,6.542500019073486,6.762083053588867,6.99833345413208,7.233333110809326,7.4666666984558105,6.583555698394775,6.804444313049316,7.038888931274414,7.278888702392578,7.521999835968018,6.762083053588867,7.233333110809326,6.804444313049316,7.278888702392578
a300,F,London,True,300,17195,302.8999938964844,315.1499938964844,328.04998779296875,0.15498866140842438,1.1549886465072632,0.3223029950567025,0.13919028639793396,0.34323931375399824,0.5700494329747019,0.07682465833091015,0.009886594940389648,6.513333320617676,6.712500095367432,6.933333396911621,7.152500152587891,7.371333122253418,6.613333225250244,6.813333511352539,7.0366668701171875,7.263333320617676,7.497777938842773,6.712500095367432,7.152500152587891,6.813333511352539,7.263333320617676
a300,F,New York,True,300,18943,302.8666687011719,315.4333190917969,329.1666564941406,0.15375761687755585,1.1537576913833618,0.3370638230480916,0.14444810152053833,0.33922821094863537,0.5523412342290028,0.09338541941614317,0.015045135406218655,6.497499942779541,6.722499847412109,6.955833435058594,7.198333263397217,7.460000038146973,6.573333263397217,6.788888931274414,7.024444580078125,7.265555381774902,7.5286664962768555,6.722499847412109,7.198333263397217,6.788888931274414,7.265555381774902
a300,M,Berlin,True,300,26303,302.6333312988281,314.3333435058594,328.76666259765625,0.20609456300735474,1.2060946226119995,0.563357791886857,0.19433745741844177,0.23636087138349238,0.4924913507964871,0.20564194198380412,0.0655058358362164,6.207499980926514,6.505000114440918,6.800833225250244,7.076666831970215,7.320833206176758,6.276666641235352,6.576666831970215,6.878889083862305,7.158888816833496,7.423333168029785,6.505000114440918,7.076666831970215,6.576666831970215,7.158888816833496
a300,M,Boston,True,300,2521,302.6499938964844,314.04998779296875,328.04998779296875,0.22288291156291962,1.222882866859436,0.5561285204284014,0.20602871477603912,0.18683062276874257,0.5481951606505355,0.1935739785799286,0.07140023800079334,6.183333396911621,6.475833415985107,6.741666793823242,7.006666660308838,7.226666450500488,6.25,6.566666603088379,6.851110935211182,7.122222423553467,7.362222194671631,6.475833415985107,7.006666660308838,6.566666603088379,7.122222423553467
a300,M,Chicago,True,300,4165,303.04998779296875,314.8999938964844,328.49334716796875,0.22150981426239014,1.2215098142623901,0.6597839135654262,0.21651916205883026,0.1786314525810324,0.4830732292917167,0.2578631452581032,0.08043217286914765,6.159999847412109,6.459166526794434,6.750833511352539,7.035833358764648,7.31516695022583,6.20377779006958,6.502222061157227,6.787777900695801,7.07111120223999,7.355555534362793,6.459166526794434,7.035833358764648,6.502222061157227,7.07111120223999
a300,M,London,True,300,14580,302.75,314.6166687011719,327.73333740234375,0.24001343548297882,1.2400133609771729,0.6374485596707818,0.22122013568878174,0.14183813443072701,0.5170781893004115,0.2657750342935528,0.07530864197530865,6.128333568572998,6.395833492279053,6.674583435058594,6.940000057220459,7.188333511352539,6.2377777099609375,6.501111030578613,6.78000020980835,7.051111221313477,7.304555416107178,6.395833492279053,6.940000057220459,6.501111030578613,7.051111221313477
a300,M,New York,True,300,15631,302.79998779296875,315.45001220703125,329.54998779296875,0.22983118891716003,1.2298312187194824,0.608982150854072,0.2181796282529831,0.16077026421854007,0.503934489156164,0.24969611669119057,0.0855991299341053,6.15500020980835,6.447500228881836,6.737500190734863,7.03000020980835,7.315833568572998,6.226666450500488,6.517777919769287,6.8077778816223145,7.096111297607422,7.384444236755371,6.447500228881836,7.03000020980835,6.517777919769287,7.096111297607422
a330,F,Berlin,True,330,10139,332.79998779296875,343.73333740234375,357.2200012207031,0.1618032604455948,1.1618032455444336,0.3466811322615643,0.1422029733657837,0.3671959759345103,0.5156327053950094,0.09991123384949206,0.017260084820988262,7.043333530426025,7.287499904632568,7.552499771118164,7.816249847412109,8.040833473205566,7.166444301605225,7.4277777671813965,7.705555438995361,7.9811110496521,8.226666450500488,7.287499904632568,7.816249847412109,7.4277777671813965,7.9811110496521
a330,F,Boston,True,330,1915,332.3466796875,343.1000061035156,356.8833312988281,0.1751728653907776,1.1751729249954224,0.3237597911227154,0.1508839875459671,0.3154046997389034,0.5759791122715404,0.07728459530026109,0.031331592689295036,6.988666534423828,7.271666526794434,7.520833492279053,7.748749732971191,7.943833351135254,7.159111022949219,7.426666736602783,7.685555458068848,7.918889045715332,8.132888793945312,7.271666526794434,7.748749732971191,7.426666736602783,7.918889045715332
a330,F,Chicago,True,330,4355,332.5,344.29998779296875,357.70001220703125,0.16116859018802643,1.1611685752868652,0.3823191733639495,0.14960166811943054,0.330195177956372,0.5409873708381171,0.11044776119402985,0.018369690011481057,7.038333415985107,7.290833473205566,7.565833568572998,7.84041690826416,8.071833610534668,7.118888854980469,7.383333206176758,7.661110877990723,7.937222480773926,8.181111335754395,7.290833473205566,7.84041690826416,7.383333206176758,7.937222480773926
a330,F,London,True,330,13226,332.70001220703125,344.4333190917969,357.45001220703125,0.1710001528263092,1.1710001230239868,0.3731286859216694,0.14916937053203583,0.3158173295024951,0.5658551338273099,0.10479358838651141,0.013533948283683653,7.0291666984558105,7.267499923706055,7.517499923706055,7.7841668128967285,8.037500381469727,7.165555477142334,7.414444446563721,7.679999828338623,7.956666469573975,8.2122220993042,7.267499923706055,7.7841668128967285,7.414444446563721,7.956666469573975
a330,F,New York,True,330,12747,332.77667236328125,344.45001220703125,358.6666564941406,0.17104943096637726,1.1710494756698608,0.3777359378677336,0.15634670853614807,0.30367929708951125,0.5519730132580215,0.12434298266258728,0.02000470698987997,7.0,7.266666889190674,7.551666736602783,7.834166526794434,8.102499961853027,7.110000133514404,7.374444484710693,7.658888816833496,7.9422221183776855,8.222222328186035,7.266666889190674,7.834166526794434,7.374444484710693,7.9422221183776855
a330,M,Berlin,True,330,11212,332.3666687011719,343.941650390625,357.6833190917969,0.23510488867759705,1.2351049184799194,0.5948983232251159,0.2134760469198227,0.18078844095611846,0.5004459507670354,0.23769175882982518,0.08107384944702105,6.683416843414307,7.002500057220459,7.313333511352539,7.632500171661377,7.920749664306641,6.795666694641113,7.124166488647461,7.456666469573975,7.791110992431641,8.102222442626953,7.002500057220459,7.632500171661377,7.124166488647461,7.791110992431641
a330,M,Boston,True,330,1340,332.7983093261719,343.933349609375,357.01666259765625,0.24409367144107819,1.244093656539917,0.5365671641791044,0.21604207158088684,0.1761194029850746,0.5283582089552239,0.20970149253731343,0.08582089552238806,6.66225004196167,6.993958473205566,7.321249961853027,7.5966668128967285,7.851666450500488,6.816444396972656,7.150555610656738,7.515555381774902,7.794444561004639,8.050111770629883,6.993958473205566,7.5966668128967285,7.150555610656738,7.794444561004639
a330,M,Chicago,True,330,2822,332.7350158691406,344.57501220703125,358.1499938964844,0.2420474737882614,1.2420475482940674,0.6527285613040397,0.22924964129924774,0.15308291991495393,0.4709425939050319,0.2693125442948264,0.10666194188518781,6.649666786193848,6.98604154586792,7.3020830154418945,7.634791851043701,7.956500053405762,6.7324442863464355,7.055833339691162,7.383333206176758,7.751111030578613,8.07522201538086,6.98604154586792,7.634791851043701,7.055833339691162,7.751111030578613
a330,M,London,True,330,9175,332.5,343.9666748046875,357.3999938964844,0.2576095759868622,1.2576096057891846,0.6398910081743869,0.23050837218761444,0.13362397820163488,0.500817438692098,0.2747683923705722,0.09079019073569482,6.633333206176758,6.932499885559082,7.234166622161865,7.539999961853027,7.839166641235352,6.773777961730957,7.085555553436279,7.402222156524658,7.730000019073486,8.031110763549805,6.932499885559082,7.539999961853027,7.085555553436279,7.730000019073486
a330,M,New York,True,330,9184,332.6666564941406,344.1333312988281,359.0950012207031,0.24280256032943726,1.2428025007247925,0.60801393728223,0.22484128177165985,0.1518945993031359,0.49771341463414637,0.26056184668989546,0.0898301393728223,6.668583393096924,6.991666793823242,7.309999942779541,7.6583333015441895,7.975583553314209,6.782222270965576,7.106666564941406,7.4277777671813965,7.7688889503479,8.10111141204834,6.991666793823242,7.6583333015441895,7.106666564941406,7.7688889503479
a360,F,Berlin,True,360,4130,362.0149841308594,371.1833190917969,385.3166809082031,0.1605672985315323,1.1605671644210815,0.2864406779661017,0.13372468948364258,0.43995157384987893,0.4523002421307506,0.08619854721549637,0.021549636803874093,7.5958333015441895,7.900000095367432,8.189582824707031,8.470000267028809,8.70674991607666,7.789888858795166,8.10777759552002,8.421667098999023,8.706666946411133,8.967778205871582,7.900000095367432,8.470000267028809,8.10777759552002,8.706666946411133
a360,F,Boston,True,360,327,360.76666259765625,364.2833251953125,373.6966552734375,0.18287424743175507,1.1828742027282715,0.26299694189602446,0.15250927209854126,0.38837920489296635,0.5015290519877675,0.0672782874617737,0.04281345565749235,7.421833515167236,7.774583339691162,8.021666526794434,8.230833053588867,8.397333145141602,7.647555828094482,8.0,8.235555648803711,8.470000267028809,8.61400032043457,7.774583339691162,8.230833053588867,8.0,8.470000267028809
a360,F,Chicago,True,360,2599,362.61334228515625,374.0,387.4533386230469,0.1720556616783142,1.1720556020736694,0.3755290496344748,0.1532776951789856,0.308964986533282,0.5640631011927665,0.10696421700654098,0.020007695267410544,7.646666526794434,7.902083396911621,8.182499885559082,8.459166526794434,8.710000038146973,7.775333404541016,8.043888092041016,8.342222213745117,8.609443664550781,8.876667022705078,7.902083396911621,8.459166526794434,8.043888092041016,8.609443664550781
a360,F,London,True,360,8164,362.55499267578125,373.8500061035156,387.29498291015625,0.17651331424713135,1.1765133142471313,0.36758941695247427,0.14874599874019623,0.33782459578637924,0.5371141597256247,0.10766780989710927,0.01739343459088682,7.606666564941406,7.877500057220459,8.150833129882812,8.4350004196167,8.68416690826416,7.801111221313477,8.08666706085205,8.374444007873535,8.660277366638184,8.937444686889648,7.877500057220459,8.4350004196167,8.08666706085205,8.660277366638184
a360,F,New York,True,360,6632,362.48333740234375,374.3333435058594,388.26666259765625,0.17680150270462036,1.1768014430999756,0.36791314837153194,0.15727807581424713,0.2858866103739445,0.5708685162846804,0.12092882991556092,0.022316043425814235,7.608582973480225,7.885833263397217,8.172499656677246,8.455833435058594,8.72249984741211,7.763333320617676,8.038888931274414,8.327777862548828,8.605555534362793,8.878778457641602,7.885833263397217,8.455833435058594,8.038888931274414,8.605555534362793
a360,M,Berlin,True,360,3934,361.8833312988281,371.1000061035156,385.54998779296875,0.22051331400871277,1.2205132246017456,0.4659379766141332,0.19065263867378235,0.2595322826639553,0.4893238434163701,0.18632435180477885,0.06481952211489578,7.271083354949951,7.631041526794434,7.985000133514404,8.307083129882812,8.59533405303955,7.443666458129883,7.835833549499512,8.209444046020508,8.547778129577637,8.827444076538086,7.631041526794434,8.307083129882812,7.835833549499512,8.547778129577637
a360,M,Boston,True,360,257,361.2200012207031,365.5333251953125,384.4566650390625,0.23327143490314484,1.2332714796066284,0.4396887159533074,0.2009194791316986,0.26459143968871596,0.48638132295719844,0.17898832684824903,0.07003891050583658,7.182000160217285,7.5991668701171875,7.868333339691162,8.183333396911621,8.432833671569824,7.38266658782959,7.796666622161865,8.146666526794434,8.435555458068848,8.763555526733398,7.5991668701171875,8.183333396911621,7.796666622161865,8.435555458068848
a360,M,Chicago,True,360,1477,362.4433288574219,374.3999938964844,387.7066650390625,0.22959966957569122,1.2295995950698853,0.5781990521327014,0.20875580608844757,0.1780636425186188,0.5145565335138795,0.23222748815165878,0.07515233581584292,7.2776665687561035,7.621666431427002,7.989999771118164,8.30916690826416,8.602333068847656,7.407777786254883,7.756666660308838,8.135555267333984,8.481111526489258,8.788222312927246,7.621666431427002,8.30916690826416,7.756666660308838,8.481111526489258
a360,M,London,True,360,4619,362.5833435058594,373.7166748046875,387.3166809082031,0.2573119103908539,1.2573118209838867,0.5700368045031392,0.22294066846370697,0.17103269105867072,0.493613336219961,0.23966226455942843,0.09569170816193981,7.166500091552734,7.541250228881836,7.899166584014893,8.223333358764648,8.520999908447266,7.369999885559082,7.769444465637207,8.140000343322754,8.483333587646484,8.78355598449707,7.541250228881836,8.223333358764648,7.769444465637207,8.483333587646484
a360,M,New York,True,360,4229,362.45001220703125,374.8999938964844,389.23333740234375,0.24551376700401306,1.245513677597046,0.570347599905415,0.2219734936952591,0.15772050130054385,0.5067391818396784,0.2511231969732797,0.08441711988649798,7.244833469390869,7.606666564941406,7.955833435058594,8.308333396911621,8.623332977294922,7.393111228942871,7.774444580078125,8.112222671508789,8.461111068725586,8.814444541931152,7.606666564941406,8.308333396911621,7.774444580078125,8.461111068725586
a390,F,Berlin,True,390,785,391.1733093261719,397.4666748046875,412.760009765625,0.1718825101852417,1.1718825101852417,0.29044585987261146,0.1378878951072693,0.44331210191082804,0.44713375796178345,0.08535031847133757,0.024203821656050957,8.124500274658203,8.478333473205566,8.790833473205566,9.025833129882812,9.24233341217041,8.404889106750488,8.76111125946045,9.071110725402832,9.3100004196167,9.57622241973877,8.478333473205566,9.025833129882812,8.76111125946045,9.3100004196167
a390,F,Chicago,True,390,1325,392.1733093261719,401.70001220703125,415.95001220703125,0.16452409327030182,1.1645241975784302,0.30943396226415093,0.14263376593589783,0.3818867924528302,0.5033962264150943,0.08528301886792453,0.02943396226415094,8.236332893371582,8.554166793823242,8.874166488647461,9.132499694824219,9.361332893371582,8.444666862487793,8.732222557067871,9.053333282470703,9.344444274902344,9.618444442749023,8.554166793823242,9.132499694824219,8.732222557067871,9.344444274902344
a390,F,London,True,390,4551,392.3999938964844,403.20001220703125,417.1000061035156,0.18569257855415344,1.185692548751831,0.3748626675455944,0.15367799997329712,0.3212480773456383,0.5447154471544715,0.1078883761810591,0.026148099318831025,8.140832901000977,8.46833324432373,8.768333435058594,9.0600004196167,9.335000038146973,8.38888931274414,8.723888397216797,9.042222023010254,9.355555534362793,9.63888931274414,8.46833324432373,9.0600004196167,8.723888397216797,9.355555534362793
a390,F,New York,True,390,3802,392.7350158691406,404.4166564941406,418.6166687011719,0.18693090975284576,1.186930775642395,0.37480273540241976,0.16425099968910217,0.27248816412414517,0.5746975276170436,0.12361914781693846,0.0291951604418727,8.201666831970215,8.490833282470703,8.792499542236328,9.096458435058594,9.367500305175781,8.371444702148438,8.666666984558105,8.985555648803711,9.293055534362793,9.554444313049316,8.490833282470703,9.096458435058594,8.666666984558105,9.293055534362793
a390,M,Berlin,True,390,710,391.31500244140625,398.1583251953125,411.981689453125,0.24234075844287872,1.2423408031463623,0.44084507042253523,0.20432592928409576,0.271830985915493,0.49577464788732395,0.1563380281690141,0.07605633802816901,7.8067498207092285,8.226875305175781,8.563749313354492,8.872082710266113,9.20199966430664,8.039777755737305,8.532499313354492,8.864999771118164,9.194999694824219,9.493888854980469,8.226875305175781,8.872082710266113,8.532499313354492,9.194999694824219
a390,M,Boston,True,390,36,391.4083251953125,400.4083251953125,417.10833740234375,0.3472467362880707,1.3472466468811035,0.5277777777777778,0.3088873326778412,0.1388888888888889,0.5555555555555556,0.16666666666666666,0.1388888888888889,7.490833282470703,8.11791706085205,8.519166946411133,8.734999656677246,9.432499885559082,7.679444313049316,8.436944961547852,8.866111755371094,9.087778091430664,9.263333320617676,8.11791706085205,8.734999656677246,8.436944961547852,9.087778091430664
a390,M,Chicago,True,390,600,392.3616638183594,401.5083312988281,417.0249938964844,0.2253420501947403,1.225342035293579,0.5166666666666667,0.19742846488952637,0.21,0.5233333333333333,0.205,0.06166666666666667,7.939833641052246,8.24666690826416,8.604999542236328,8.93041706085205,9.255000114440918,8.132222175598145,8.46833324432373,8.855555534362793,9.15250015258789,9.465777397155762,8.24666690826416,8.93041706085205,8.46833324432373,9.15250015258789
a390,M,London,True,390,2313,392.25,402.8500061035156,417.1166687011719,0.25696852803230286,1.2569684982299805,0.551664504971898,0.21769244968891144,0.18590575010808474,0.5097276264591439,0.21833117163856464,0.08603545179420666,7.775500297546387,8.157500267028809,8.525833129882812,8.8774995803833,9.198999404907227,8.044888496398926,8.45111083984375,8.824444770812988,9.181111335754395,9.51200008392334,8.157500267028809,8.8774995803833,8.45111083984375,9.181111335754395
a390,M,New York,True,390,2282,392.5,403.8500061035156,418.8316650390625,0.2386607825756073,1.2386608123779297,0.5394390885188431,0.21278561651706696,0.18930762489044697,0.5030674846625767,0.2182296231375986,0.08939526730937773,7.790916919708252,8.20604133605957,8.612916946411133,8.98062515258789,9.33566665649414,8.010000228881836,8.410277366638184,8.832221984863281,9.184444427490234,9.551000595092773,8.20604133605957,8.98062515258789,8.410277366638184,9.184444427490234
a420,F,Berlin,True,420,119,421.9933166503906,430.9666748046875,443.4966735839844,0.18014907836914062,1.1801490783691406,0.3445378151260504,0.14002646505832672,0.3949579831932773,0.4957983193277311,0.08403361344537816,0.025210084033613446,8.754000663757324,9.135833740234375,9.439167022705078,9.714166641235352,9.936833381652832,9.100000381469727,9.544445037841797,9.777777671813965,10.025555610656738,10.3304443359375,9.135833740234375,9.714166641235352,9.544445037841797,10.025555610656738
a420,F,Chicago,True,420,537,422.6133117675781,432.51666259765625,446.58001708984375,0.17968979477882385,1.179689884185791,0.2085661080074488,0.14960217475891113,0.2942271880819367,0.6033519553072626,0.07635009310986965,0.0260707635009311,8.864167213439941,9.209166526794434,9.450833320617676,9.666666984558105,9.973000526428223,9.159777641296387,9.468889236450195,9.69444465637207,9.95888900756836,10.263777732849121,9.209166526794434,9.666666984558105,9.468889236450195,9.95888900756836
a420,F,London,True,420,2216,422.125,432.8166809082031,446.3833312988281,0.18721170723438263,1.1872117519378662,0.35694945848375453,0.1533065140247345,0.35153429602888087,0.5121841155234657,0.10288808664259928,0.033393501805054154,8.748332977294922,9.092916488647461,9.41333293914795,9.725208282470703,10.026250839233398,9.051111221313477,9.398332595825195,9.722222328186035,10.046667098999023,10.383888244628906,9.092916488647461,9.725208282470703,9.398332595825195,10.046667098999023
a420,F,New York,True,420,1746,422.1666564941406,431.4916687011719,446.191650390625,0.18910954892635345,1.1891095638275146,0.3865979381443299,0.16477110981941223,0.27491408934707906,0.5767468499427262,0.12256586483390607,0.02577319587628866,8.768750190734863,9.091041564941406,9.382083892822266,9.67854118347168,9.99333381652832,8.982778549194336,9.300277709960938,9.60444450378418,9.890833854675293,10.176111221313477,9.091041564941406,9.67854118347168,9.300277709960938,9.890833854675293
a420,M,Berlin,True,420,93,421.67999267578125,430.9166564941406,444.8166809082031,0.25446560978889465,1.2544656991958618,0.3548387096774194,0.21587923169136047,0.3655913978494624,0.45161290322580644,0.11827956989247312,0.06451612903225806,8.481999397277832,8.989999771118164,9.316666603088379,9.667499542236328,9.915499687194824,8.724444389343262,9.301111221313477,9.714444160461426,10.022222518920898,10.270000457763672,8.989999771118164,9.667499542236328,9.301111221313477,10.022222518920898
a420,M,Chicago,True,420,171,422.1166687011719,432.8166809082031,446.54998779296875,0.23837065696716309,1.238370656967163,0.43859649122807015,0.20373697578907013,0.22807017543859648,0.4678362573099415,0.19883040935672514,0.10526315789473684,8.296667098999023,8.806249618530273,9.235833168029785,9.578332901000977,9.925833702087402,8.606666564941406,9.055000305175781,9.55222225189209,9.92277717590332,10.228888511657715,8.806249618530273,9.578332901000977,9.055000305175781,9.92277717590332
a420,M,London,True,420,1014,422.3550109863281,432.32501220703125,446.6333312988281,0.26154690980911255,1.2615468502044678,0.5069033530571992,0.21899430453777313,0.21992110453648916,0.5029585798816568,0.1863905325443787,0.09072978303747535,8.282083511352539,8.783124923706055,9.177499771118164,9.548957824707031,9.916749954223633,8.625555038452148,9.144444465637207,9.5272216796875,9.88861083984375,10.251555442810059,8.783124923706055,9.548957824707031,9.144444465637207,9.88861083984375
a420,M,New York,True,420,977,422.05999755859375,432.7166748046875,447.69000244140625,0.24710111320018768,1.2471011877059937,0.5363357215967247,0.21829263865947723,0.1750255885363357,0.49744114636642783,0.22824974411463664,0.0992835209825998,8.312166213989258,8.789166450500488,9.226666450500488,9.584166526794434,9.933667182922363,8.57711124420166,9.04888916015625,9.478888511657715,9.801111221313477,10.110444068908691,8.789166450500488,9.584166526794434,9.04888916015625,9.801111221313477
a450,F,Chicago,True,450,173,451.72332763671875,462.5333251953125,476.44000244140625,0.1703736037015915,1.1703736782073975,0.18497109826589594,0.1414572149515152,0.4046242774566474,0.4797687861271676,0.08670520231213873,0.028901734104046242,9.440333366394043,9.669166564941406,10.104166984558105,10.450833320617676,10.838833808898926,9.587111473083496,9.972222328186035,10.475555419921875,10.784444808959961,11.165555000305176,9.669166564941406,10.450833320617676,9.972222328186035,10.784444808959961
a450,F,London,True,450,940,452.31500244140625,462.2833251953125,476.2516784667969,0.193174347281456,1.1931743621826172,0.3659574468085106,0.15712641179561615,0.33617021276595743,0.5202127659574468,0.11382978723404255,0.029787234042553193,9.355499267578125,9.680832862854004,10.028749465942383,10.370833396911621,10.710833549499512,9.672222137451172,10.023333549499512,10.380000114440918,10.719722747802734,11.076000213623047,9.680832862854004,10.370833396911621,10.023333549499512,10.719722747802734
a450,F,New York,True,450,522,452.20501708984375,461.3666687011719,478.6050109863281,0.2254537045955658,1.2254537343978882,0.5191570881226054,0.200095534324646,0.1896551724137931,0.5402298850574713,0.2222222222222222,0.04789272030651341,9.155499458312988,9.49020767211914,9.882917404174805,10.256875038146973,10.630416870117188,9.406778335571289,9.784444808959961,10.120555877685547,10.49666690826416,10.873222351074219,9.49020767211914,10.256875038146973,9.784444808959961,10.49666690826416
a450,M,Berlin,True,450,30,454.5099792480469,465.7250061035156,475.5083312988281,0.500685453414917,1.5006853342056274,0.5333333333333333,0.4490818977355957,0.13333333333333333,0.5,0.13333333333333333,0.23333333333333334,7.463000297546387,9.025416374206543,9.792083740234375,10.06624984741211,10.25041675567627,7.921666622161865,9.598610877990723,10.188888549804688,10.386388778686523,10.623888969421387,9.025416374206543,10.06624984741211,9.598610877990723,10.386388778686523
a450,M,Chicago,True,450,74,452.6000061035156,464.79998779296875,478.7733154296875,0.28266310691833496,1.282663106918335,0.47297297297297297,0.2380218803882599,0.21621621621621623,0.3918918918918919,0.21621621621621623,0.17567567567567569,8.680749893188477,9.194375038146973,9.626667022705078,10.197500228881836,10.585916519165039,8.876221656799316,9.571666717529297,10.104999542236328,10.525833129882812,10.970000267028809,9.194375038146973,10.197500228881836,9.571666717529297,10.525833129882812
a450,M,London,True,450,419,451.95001220703125,461.9666748046875,476.6000061035156,0.28819629549980164,1.288196325302124,0.5775656324582339,0.2438470721244812,0.2171837708830549,0.4105011933174224,0.24343675417661098,0.1288782816229117,8.633167266845703,9.22541618347168,9.71833324432373,10.170833587646484,10.637666702270508,8.998000144958496,9.62611198425293,10.0600004196167,10.529999732971191,10.933333396911621,9.22541618347168,10.170833587646484,9.62611198425293,10.529999732971191
a450,M,New York,True,450,292,452.1066589355469,462.82501220703125,477.82501220703125,0.25888052582740784,1.2588804960250854,0.5547945205479452,0.2261832058429718,0.18493150684931506,0.4828767123287671,0.2328767123287671,0.09931506849315068,8.8861665725708,9.315000534057617,9.744999885559082,10.238541603088379,10.860583305358887,9.156222343444824,9.632499694824219,10.032221794128418,10.528888702392578,11.008999824523926,9.315000534057617,10.238541603088379,9.632499694824219,10.528888702392578
a480,F,Chicago,True,480,81,481.7833251953125,492.6000061035156,506.9166564941406,0.16491925716400146,1.1649192571640015,0.14814814814814814,0.11956124007701874,0.5802469135802469,0.2839506172839506,0.09876543209876543,0.037037037037037035,10.029999732971191,10.52833366394043,10.916666984558105,11.264166831970215,11.571666717529297,10.289999961853027,10.982222557067871,11.359999656677246,11.715555191040039,11.902222633361816,10.52833366394043,11.264166831970215,10.982222557067871,11.715555191040039
a480,F,London,True,480,372,482.51666259765625,490.4666748046875,504.8399963378906,0.1847970187664032,1.1847970485687256,0.3844086021505376,0.15182866156101227,0.3844086021505376,0.46236559139784944,0.10483870967741936,0.04838709677419355,9.88991641998291,10.319791793823242,10.755000114440918,11.09666633605957,11.394166946411133,10.211221694946289,10.683055877685547,11.072221755981445,11.473333358764648,11.79111099243164,10.319791793823242,11.09666633605957,10.683055877685547,11.473333358764648
a480,F,New York,True,480,134,482.4383239746094,494.0333251953125,541.7249755859375,0.21448755264282227,1.2144875526428223,0.5149253731343284,0.1966685652732849,0.2835820895522388,0.41044776119402987,0.23134328358208955,0.07462686567164178,9.670916557312012,10.044166564941406,10.717916488647461,11.212916374206543,11.896333694458008,9.970111846923828,10.336111068725586,10.994444847106934,11.38972282409668,12.275333404541016,10.044166564941406,11.212916374206543,10.336111068725586,11.38972282409668
a480,M,London,True,480,156,481.9333190917969,489.70001220703125,500.20831298828125,0.22856633365154266,1.228566288948059,0.5448717948717948,0.19570298492908478,0.27564102564102566,0.4166666666666667,0.26282051282051283,0.04487179487179487,9.472084045410156,9.920207977294922,10.473749160766602,10.904583930969238,11.40625,9.893888473510742,10.310832977294922,10.78499984741211,11.263055801391602,11.76388931274414,9.920207977294922,10.904583930969238,10.310832977294922,11.263055801391602
a480,M,New York,True,480,99,482.82666015625,497.3999938964844,543.5166625976562,0.2665987014770508,1.2665987014770508,0.5252525252525253,0.23817142844200134,0.29292929292929293,0.40404040404040403,0.16161616161616163,0.1414141414141414,9.190999984741211,9.998749732971191,10.660833358764648,11.355833053588867,12.423333168029785,9.472000122070312,10.303888320922852,10.907777786254883,11.725555419921875,12.260889053344727,9.998749732971191,11.355833053588867,10.303888320922852,11.725555419921875
a510,F,Chicago,True,510,44,513.056640625,528.2916259765625,537.2449951171875,0.16291028261184692,1.1629103422164917,0.09090909090909091,0.11115872114896774,0.6590909090909091,0.25,0.045454545454545456,0.045454545454545456,10.723167419433594,11.170416831970215,11.808333396911621,12.145833015441895,12.324250221252441,11.233111381530762,11.580833435058594,12.286111831665039,12.787776947021484,12.938666343688965,11.170416831970215,12.145833015441895,11.580833435058594,12.787776947021484
a510,F,London,True,510,98,511.13665771484375,519.066650390625,529.2550048828125,0.19459222257137299,1.1945922374725342,0.4897959183673469,0.16231019794940948,0.3673469387755102,0.3877551020408163,0.20408163265306123,0.04081632653061224,10.236583709716797,10.765833854675293,11.276249885559082,11.719374656677246,12.298666954040527,10.708999633789062,11.155277252197266,11.605555534362793,12.018888473510742,12.565221786499023,10.765833854675293,11.719374656677246,11.155277252197266,12.018888473510742
a510,F,New York,True,510,64,511.4566650390625,527.7750244140625,571.046630859375,0.1937938630580902,1.193793773651123,0.40625,0.17407846450805664,0.171875,0.65625,0.140625,0.03125,10.513083457946777,11.105208396911621,11.525833129882812,11.99104118347168,12.378499984741211,10.791889190673828,11.289167404174805,11.699999809265137,12.171667098999023,12.563888549804688,11.105208396911621,11.99104118347168,11.289167404174805,12.171667098999023
a510,M,New York,True,510,34,515.8883056640625,531.808349609375,560.2083129882812,0.23109275102615356,1.231092929840088,0.4117647058823529,0.21117952466011047,0.20588235294117646,0.5882352941176471,0.08823529411764706,0.11764705882352941,10.126667022705078,11.16520881652832,11.485833168029785,11.9506254196167,12.218667030334473,10.380666732788086,11.297778129577637,11.665555953979492,12.033056259155273,12.577889442443848,11.16520881652832,11.9506254196167,11.297778129577637,12.033056259155273
